지수명,종가,대비,등락률,시가,고가,저가,거래량,거래대금,상장시가총액,날짜
KRX 300,1901.05,-11.63,-0.61,1913.15,1929.94,1896.65,279548840,13488481375036,2028800954161500,20210503
KTOP 30,11520.28,-86.3,-0.74,11609.44,11702.14,11490.84,50048566,5645660149606,1208343758559140,20210503
KRX 100,6624.66,-29.51,-0.44,6656.43,6722.06,6607.57,125958178,9134221260606,1698357633429640,20210503
KRX Mid 200,1807.31,-38.3,-2.08,1844.35,1855.67,1805.75,192901461,2205453931448,97954895348159,20210503
KRX 자동차,2264.05,46.91,2.12,2218.81,2316.0,2218.81,12130931,907051604153,132659985792225,20210503
KRX 반도체,3852.24,-20.18,-0.52,3872.85,3940.15,3836.17,19861668,952405532133,131186340258830,20210503
KRX 헬스케어,4228.09,-202.48,-4.57,4426.61,4444.53,4226.61,47562260,2648351165605,201837074859970,20210503
KRX 은행,742.99,-16.76,-2.21,760.56,764.24,738.85,14259145,299642950850,75722978908370,20210503
KRX 에너지화학,4002.65,-95.98,-2.34,4101.81,4111.25,3984.43,13265952,1665824766970,175396974936540,20210503
KRX 철강,2075.16,-53.76,-2.53,2130.03,2161.0,2060.72,15278377,494937045040,56281885518110,20210503
KRX 방송통신,907.58,10.35,1.15,897.89,919.11,895.21,22648949,184089246105,41088566664012,20210503
KRX 건설,717.21,-10.53,-1.45,726.53,733.75,713.55,26974805,510825658522,46045204893235,20210503
KRX 증권,855.13,-29.81,-3.37,884.94,885.48,848.69,44309665,287706968313,30643985830229,20210503
KRX 기계장비,599.65,-12.2,-1.99,611.91,622.79,596.26,55074619,1083661958620,67791579794450,20210503
KRX 보험,1291.03,10.33,0.81,1280.84,1322.88,1280.7,12406700,255463932350,41253743333825,20210503
KRX 운송,1306.16,-39.47,-2.93,1352.35,1353.15,1297.05,57730980,953106157865,44822592592940,20210503
KRX 경기소비재,1431.78,-14.99,-1.04,1447.43,1461.47,1427.57,27889992,1139385631110,90498892935440,20210503
KRX 필수소비재,1803.53,1.42,0.08,1804.63,1814.68,1800.2,10424409,518036330725,108409855992700,20210503
KRX 미디어&엔터테인먼트,3365.88,-17.99,-0.53,3389.0,3421.21,3355.75,10599593,962860867530,173535613812490,20210503
KRX 정보기술,1775.33,-8.63,-0.48,1783.59,1804.53,1768.02,54260955,2948754725763,718808216557560,20210503
KRX 유틸리티,926.66,-10.84,-1.16,936.76,937.72,919.59,3770253,103134740650,19594713526750,20210503
KRX 300 정보기술,2875.55,-11.85,-0.41,2886.78,2922.24,2861.98,46611019,2834691025483,714676307462320,20210503
KRX 300 금융,865.89,-14.98,-1.7,881.88,885.15,862.94,33445958,724971046860,148416808985950,20210503
KRX 300 자유소비재,1731.46,17.9,1.04,1714.2,1766.53,1713.58,25519818,1886443588508,211817018030310,20210503
KRX 300 산업재,726.45,-10.95,-1.48,737.98,742.05,723.7,81640365,1955223662040,210348873302900,20210503
KRX 300 헬스케어,3527.57,-181.3,-4.89,3706.37,3722.85,3526.29,38929981,2438327949475,177047487766650,20210503
KRX 300 커뮤니케이션서비스,2497.96,-1.45,-0.06,2501.05,2534.26,2482.39,14532359,1093408840700,210465348842150,20210503
KRX 300 소재,1908.44,-30.05,-1.55,1938.83,1946.92,1896.95,27179045,1658701804720,198685852035350,20210503
KRX 300 필수소비재,1783.93,4.3,0.24,1782.43,1792.62,1778.26,5110838,373312560200,99493489963320,20210503
KRX 300,1916.4,15.35,0.81,1903.57,1916.4,1892.36,244040965,11708937073166,2043945386926060,20210504
KTOP 30,11648.25,127.97,1.11,11533.33,11648.25,11460.14,38961631,4838149503094,1221601529899840,20210504
KRX 100,6687.01,62.35,0.94,6633.42,6687.01,6594.62,108566283,8206748565804,1714001099040740,20210504
KRX Mid 200,1808.23,0.92,0.05,1807.41,1813.9,1768.07,208693573,2353809191126,98050342615135,20210504
KRX 자동차,2286.11,22.06,0.97,2270.47,2289.59,2239.39,7812847,622225052565,134539118596755,20210504
KRX 반도체,3870.59,18.35,0.48,3849.45,3875.19,3774.04,20327698,792228260746,131691071180590,20210504
KRX 헬스케어,4272.72,44.63,1.06,4214.9,4284.13,4150.49,40429085,2178839872178,203527436078985,20210504
KRX 은행,739.82,-3.17,-0.43,743.98,748.98,733.11,11091197,209312775353,75491182071320,20210504
KRX 에너지화학,4079.35,76.7,1.92,3999.67,4080.22,3964.74,16923188,1677654991230,178631333727810,20210504
KRX 철강,2095.3,20.14,0.97,2087.51,2113.88,2033.61,13758160,480808328496,57156813302330,20210504
KRX 방송통신,921.17,13.59,1.5,907.95,921.69,905.07,21090787,326036462138,41764882777918,20210504
KRX 건설,717.18,-0.03,0.0,717.33,722.17,699.96,24406743,467135066480,46259507843585,20210504
KRX 증권,858.43,3.3,0.39,855.53,858.86,841.32,59296157,382104721536,30750749854470,20210504
KRX 기계장비,592.47,-7.18,-1.2,599.41,599.41,579.75,89411887,1016952001130,67034629948080,20210504
KRX 보험,1268.67,-22.36,-1.73,1295.28,1304.87,1253.67,12663743,172252779305,40566345259825,20210504
KRX 운송,1294.5,-11.66,-0.89,1307.73,1307.73,1272.56,41952988,899759420050,44371124008370,20210504
KRX 경기소비재,1431.33,-0.45,-0.03,1432.13,1443.51,1409.95,19362285,847159880900,90342734421175,20210504
KRX 필수소비재,1797.97,-5.56,-0.31,1804.09,1812.01,1773.91,10978393,649211285167,108128255592990,20210504
KRX 미디어&엔터테인먼트,3377.74,11.86,0.35,3364.01,3382.95,3320.92,9972323,885497825810,174433374468830,20210504
KRX 정보기술,1788.85,13.52,0.76,1774.38,1790.01,1757.14,47777111,2413470861202,725458594823040,20210504
KRX 유틸리티,918.59,-8.07,-0.87,926.66,926.66,909.97,3182135,81696631400,19430230787850,20210504
KRX 300 정보기술,2898.14,22.59,0.79,2873.74,2900.84,2846.09,40513679,2275083743992,721431535179050,20210504
KRX 300 금융,861.03,-4.86,-0.56,867.46,870.17,851.46,27737251,513665549918,147469828548310,20210504
KRX 300 자유소비재,1745.7,14.24,0.82,1736.27,1747.65,1719.48,19562924,1373972931290,213528812656000,20210504
KRX 300 산업재,725.65,-0.8,-0.11,727.8,729.22,715.06,70576102,1732810246560,210269515201970,20210504
KRX 300 헬스케어,3574.54,46.97,1.33,3514.75,3584.89,3461.27,32389440,1979477884448,178889505486230,20210504
KRX 300 커뮤니케이션서비스,2515.9,17.94,0.72,2497.25,2518.71,2472.11,17773489,1171838849910,212076419168150,20210504
KRX 300 소재,1933.77,25.33,1.33,1915.75,1934.37,1892.99,23470551,1645780134566,201542363394400,20210504
KRX 300 필수소비재,1778.34,-5.59,-0.31,1784.31,1792.24,1755.7,6197224,505320229782,99251296551100,20210504
KRX 300,1927.4,11.0,0.57,1916.5,1927.4,1904.76,341534594,13004811637843,2059578026871265,20210506
KTOP 30,11712.36,64.11,0.55,11645.82,11712.72,11587.66,50267861,5785741588578,1223853908392200,20210506
KRX 100,6715.79,28.78,0.43,6686.97,6715.79,6646.2,196437865,9597428100932,1722734733223100,20210506
KRX Mid 200,1824.51,16.28,0.9,1807.98,1825.5,1800.77,130087703,1697347111602,98996098406685,20210506
KRX 자동차,2292.96,6.85,0.3,2287.45,2306.42,2274.08,7297306,517697670065,134498110230565,20210506
KRX 반도체,3832.74,-37.85,-0.98,3869.15,3869.15,3802.16,19682896,961851244459,129283201609030,20210506
KRX 헬스케어,4264.78,-7.94,-0.19,4270.51,4279.42,4230.52,30077847,1594847456035,203952378721840,20210506
KRX 은행,782.47,42.65,5.76,741.12,782.47,740.96,27982640,556777665940,79988295174280,20210506
KRX 에너지화학,4197.66,118.31,2.9,4078.62,4200.08,4067.77,12653421,1908415731000,183556466522960,20210506
KRX 철강,2213.86,118.56,5.66,2099.52,2225.14,2099.52,16875221,767912388600,60169037977420,20210506
KRX 방송통신,923.98,2.81,0.31,920.87,930.71,918.3,13123447,218393437253,42000891299324,20210506
KRX 건설,737.16,19.98,2.79,717.08,737.85,712.55,23805749,437050345875,47228708860670,20210506
KRX 증권,887.03,28.6,3.33,859.21,887.39,852.72,31682747,244002567522,31829130096935,20210506
KRX 기계장비,604.01,11.54,1.95,592.54,607.91,576.92,126723232,1327609981210,68590667438945,20210506
KRX 보험,1319.42,50.75,4.0,1271.95,1321.28,1271.95,28110165,243119413287,42059636380300,20210506
KRX 운송,1365.31,70.81,5.47,1294.5,1365.31,1292.35,53041384,1072767514410,46939176533000,20210506
KRX 경기소비재,1435.2,3.87,0.27,1431.83,1436.93,1420.61,15628842,865760372575,90724417056350,20210506
KRX 필수소비재,1817.39,19.42,1.08,1799.02,1817.39,1788.57,13115217,495296477175,109445724533140,20210506
KRX 미디어&엔터테인먼트,3370.31,-7.43,-0.22,3374.16,3382.37,3336.99,9373324,1014636651273,173862569302130,20210506
KRX 정보기술,1770.56,-18.29,-1.02,1786.2,1786.2,1757.5,47044003,2926829959363,720489633449660,20210506
KRX 유틸리티,960.02,41.43,4.51,918.59,979.45,916.78,2728946,75504376900,19797185343600,20210506
KRX 300 정보기술,2868.38,-29.76,-1.03,2894.13,2894.39,2847.49,41738216,2836916579223,716546780339280,20210506
KRX 300 금융,904.04,43.01,5.0,861.87,904.1,861.85,58229932,946007404607,154577699588055,20210506
KRX 300 자유소비재,1746.56,0.86,0.05,1746.23,1754.27,1733.88,16884455,1314974317160,213831558508840,20210506
KRX 300 산업재,740.2,14.55,2.01,725.68,740.47,716.67,152851237,2268255613760,214524486098530,20210506
KRX 300 헬스케어,3561.68,-12.86,-0.36,3572.49,3576.72,3532.28,24719450,1451634776325,179114674359080,20210506
KRX 300 커뮤니케이션서비스,2510.91,-4.99,-0.2,2513.69,2526.29,2493.75,14007312,1211055454698,211736557111100,20210506
KRX 300 소재,1999.33,65.56,3.39,1938.23,1999.35,1936.9,22044195,2031703200580,207518562271750,20210506
KRX 300 필수소비재,1798.22,19.88,1.12,1779.37,1798.22,1768.35,5006595,384227437140,100425344561230,20210506
KRX 300,1936.4,9.0,0.47,1926.59,1942.8,1925.24,253210064,11101387594368,2070880919861705,20210507
KTOP 30,11733.33,20.97,0.18,11715.53,11777.78,11693.03,41206121,4595117986500,1225745854261900,20210507
KRX 100,6745.56,29.77,0.44,6713.39,6770.2,6704.93,112928733,7629203984020,1730227497732950,20210507
KRX Mid 200,1844.28,19.77,1.08,1826.86,1848.59,1826.86,158286676,2156901985400,100079990906240,20210507
KRX 자동차,2302.18,9.22,0.4,2294.55,2320.64,2281.43,6346015,429605730205,135140648079035,20210507
KRX 반도체,3841.4,8.66,0.23,3839.24,3856.26,3818.38,15080811,779775997028,129722987007120,20210507
KRX 헬스케어,4379.01,114.23,2.68,4272.1,4413.76,4272.1,29601900,1880777371950,209754704303175,20210507
KRX 은행,787.86,5.39,0.69,783.6,789.6,778.03,15094944,346106320850,80664286642730,20210507
KRX 에너지화학,4184.14,-13.52,-0.32,4212.64,4231.68,4175.81,9952112,1310356523820,182304056976850,20210507
KRX 철강,2245.8,31.94,1.44,2223.18,2254.21,2191.76,11869683,525272500495,60551339933380,20210507
KRX 방송통신,928.73,4.75,0.51,927.1,932.57,926.2,15145916,142544450275,42258566604094,20210507
KRX 건설,751.01,13.85,1.88,737.78,752.84,737.74,32891668,476632099450,48151679227630,20210507
KRX 증권,895.5,8.47,0.95,889.48,899.57,886.22,19771210,171070177120,32093814189625,20210507
KRX 기계장비,609.4,5.39,0.89,604.33,615.75,604.3,52241074,811834390410,69161827676565,20210507
KRX 보험,1338.99,19.57,1.48,1320.58,1340.13,1313.82,18726910,173755448210,42567273114060,20210507
KRX 운송,1388.55,23.24,1.7,1376.18,1399.66,1361.26,55205648,1253775910415,47821439457030,20210507
KRX 경기소비재,1456.83,21.63,1.51,1439.87,1461.61,1438.84,24344472,971915575765,92047668413310,20210507
KRX 필수소비재,1835.13,17.74,0.98,1819.68,1842.46,1815.76,21700962,632112055745,110496872502790,20210507
KRX 미디어&엔터테인먼트,3407.25,36.94,1.1,3369.85,3435.91,3369.07,9744646,869298896755,174833937377780,20210507
KRX 정보기술,1778.14,7.58,0.43,1769.75,1787.27,1757.68,42104393,2526471665923,719583552194470,20210507
KRX 유틸리티,959.6,-0.42,-0.04,969.29,971.25,953.5,4589502,115715513850,20245455812500,20210507
KRX 300 정보기술,2881.54,13.16,0.46,2867.36,2896.79,2847.43,35000873,2375630003108,715640538497240,20210507
KRX 300 금융,912.98,8.94,0.99,905.44,914.08,901.31,36493107,638152000570,156036001277965,20210507
KRX 300 자유소비재,1761.83,15.27,0.87,1749.52,1773.1,1748.2,18860355,1245324612110,215647906997570,20210507
KRX 300 산업재,746.04,5.84,0.79,741.16,749.02,741.1,82789416,1657552389300,216007474204850,20210507
KRX 300 헬스케어,3669.11,107.43,3.02,3570.27,3702.96,3569.78,28130396,1813641377515,184703565005430,20210507
KRX 300 커뮤니케이션서비스,2530.44,19.53,0.78,2513.78,2548.98,2513.12,12137116,970672834330,212933837018300,20210507
KRX 300 소재,1998.32,-1.01,-0.05,2002.38,2007.06,1985.62,19357178,1412744130715,206717899043450,20210507
KRX 300 필수소비재,1816.38,18.16,1.01,1800.27,1823.9,1795.53,13842324,517878696470,101344434005400,20210507
KRX 300,1968.47,32.07,1.66,1938.63,1973.17,1938.63,294421965,13784089230905,2105851479694870,20210510
KTOP 30,11869.29,135.96,1.16,11753.02,11913.62,11753.02,52051112,5414226520140,1241838527633600,20210510
KRX 100,6848.2,102.64,1.52,6752.95,6867.9,6752.95,129088578,9281141474210,1756633526389250,20210510
KRX Mid 200,1871.91,27.63,1.5,1846.85,1875.91,1846.85,200879643,2746298747300,101531740731380,20210510
KRX 자동차,2366.76,64.58,2.81,2304.95,2375.44,2304.93,12390998,802023273770,138730672312370,20210510
KRX 반도체,3878.08,36.68,0.95,3844.16,3882.88,3829.59,18526677,837790103870,130453172770120,20210510
KRX 헬스케어,4517.87,138.86,3.17,4384.17,4523.42,4384.17,43539458,2408754216985,215839735743355,20210510
KRX 은행,803.37,15.51,1.97,788.36,805.88,780.09,15245231,346759612940,82331339192380,20210510
KRX 에너지화학,4198.21,14.07,0.34,4198.28,4240.53,4188.18,16185875,1599135985600,182570062188950,20210510
KRX 철강,2317.92,72.12,3.21,2258.89,2332.59,2258.54,18319038,694645061855,62166235064690,20210510
KRX 방송통신,934.84,6.11,0.66,927.81,936.83,926.2,16665268,182177259311,42828542689740,20210510
KRX 건설,757.71,6.7,0.89,753.77,761.34,751.94,20258498,383843093125,48620017478560,20210510
KRX 증권,926.12,30.62,3.42,897.02,931.93,897.02,51840646,408786207340,33258047239575,20210510
KRX 기계장비,619.89,10.49,1.72,613.59,621.8,610.09,86658658,813464991410,70557783283220,20210510
KRX 보험,1335.21,-3.78,-0.28,1338.76,1340.34,1328.19,13186633,151344958570,42348746975785,20210510
KRX 운송,1434.45,45.9,3.31,1388.78,1438.32,1378.22,48898182,1303358438750,49563078088630,20210510
KRX 경기소비재,1489.48,32.65,2.24,1457.88,1494.17,1457.88,32308236,1212807469815,94061707944880,20210510
KRX 필수소비재,1870.3,35.17,1.92,1836.09,1873.6,1836.09,20779718,747040232155,112800370170290,20210510
KRX 미디어&엔터테인먼트,3470.94,63.69,1.87,3413.1,3481.19,3404.04,9552799,1057558785660,177556918611330,20210510
KRX 정보기술,1797.67,19.53,1.1,1778.57,1803.21,1776.98,52445078,2970540862910,729324610618490,20210510
KRX 유틸리티,965.99,6.39,0.67,958.52,966.88,957.78,3331932,85968113200,20374443467850,20210510
KRX 300 정보기술,2913.85,32.31,1.12,2882.19,2923.0,2879.66,43478354,2851549678940,725518008300290,20210510
KRX 300 금융,929.7,16.72,1.83,913.69,932.44,911.42,46554820,856722128280,158678217634460,20210510
KRX 300 자유소비재,1804.35,42.52,2.41,1764.08,1809.21,1764.08,28676998,1811344384620,220874599188900,20210510
KRX 300 산업재,759.13,13.09,1.75,750.11,760.6,747.66,72360668,1853323574190,220102521925570,20210510
KRX 300 헬스케어,3793.03,123.92,3.38,3673.72,3800.32,3673.64,39766889,2295396507420,190393537530800,20210510
KRX 300 커뮤니케이션서비스,2575.18,44.74,1.77,2532.6,2579.3,2526.55,12906245,1213622977300,216233132740050,20210510
KRX 300 소재,2024.34,26.02,1.3,2001.32,2037.25,2001.32,30604897,1744544310255,208604237300900,20210510
KRX 300 필수소비재,1850.56,34.18,1.88,1817.43,1854.48,1817.43,13549302,613484329950,103386219024850,20210510
KRX 300,1936.37,-32.1,-1.63,1962.35,1962.35,1929.74,339313903,15976844135869,2075382637364310,20210511
KTOP 30,11682.24,-187.05,-1.58,11847.28,11847.28,11646.81,67923221,7770626086969,1216578376795400,20210511
KRX 100,6727.73,-120.47,-1.76,6828.71,6828.71,6705.58,139472906,11359903987519,1727250613033650,20210511
KRX Mid 200,1854.0,-17.91,-0.96,1870.59,1870.59,1842.34,209552749,2602395043145,100653485183820,20210511
KRX 자동차,2332.41,-34.35,-1.45,2363.48,2363.48,2317.84,19043857,671281750455,136625307169040,20210511
KRX 반도체,3741.2,-136.88,-3.53,3872.55,3872.55,3718.21,28534628,1760444531495,124286284876250,20210511
KRX 헬스케어,4430.58,-87.29,-1.93,4515.09,4515.09,4404.02,37010946,1792654118465,212645311360490,20210511
KRX 은행,806.7,3.33,0.41,803.31,810.22,788.22,16056640,357572938950,82560286567460,20210511
KRX 에너지화학,4111.94,-86.27,-2.05,4189.97,4189.97,4103.04,14473389,1645274955840,179801949555350,20210511
KRX 철강,2410.97,93.05,4.01,2316.88,2428.89,2299.76,58942029,1216538512259,63445373575840,20210511
KRX 방송통신,944.8,9.96,1.07,934.84,945.46,921.01,17895102,311129441798,43433131441392,20210511
KRX 건설,764.11,6.4,0.84,755.68,765.07,754.18,29710272,629565141285,48771992830710,20210511
KRX 증권,915.66,-10.46,-1.13,925.96,928.15,903.94,34437854,268321122230,32904912383830,20210511
KRX 기계장비,623.91,4.02,0.65,618.7,624.82,613.84,62058085,911643153200,70941258825815,20210511
KRX 보험,1350.39,15.18,1.14,1334.92,1353.08,1325.39,18295152,177920721905,42803387527085,20210511
KRX 운송,1440.47,6.02,0.42,1422.12,1447.38,1416.62,31639849,852245810745,49879914560050,20210511
KRX 경기소비재,1478.32,-11.16,-0.75,1488.4,1488.4,1463.06,30893055,1104243387685,93391093901555,20210511
KRX 필수소비재,1882.71,12.41,0.66,1872.41,1888.06,1853.85,23669223,1025094952969,113548247645780,20210511
KRX 미디어&엔터테인먼트,3397.13,-73.81,-2.13,3459.1,3459.1,3384.12,9195781,1429533627682,173480075404430,20210511
KRX 정보기술,1741.43,-56.24,-3.13,1793.34,1793.34,1736.54,120257726,5187761838780,708776630513340,20210511
KRX 유틸리티,974.89,8.9,0.92,964.84,976.43,959.21,3903816,99728192600,20434547263900,20210511
KRX 300 정보기술,2820.72,-93.13,-3.2,2906.47,2906.47,2813.1,62160870,4738496580310,705033115794720,20210511
KRX 300 금융,931.07,1.37,0.15,929.46,936.36,913.94,39768525,733385283350,158985837560150,20210511
KRX 300 자유소비재,1778.4,-25.95,-1.44,1801.68,1801.68,1765.06,27137855,1552123865880,217840245773080,20210511
KRX 300 산업재,760.65,1.52,0.2,758.12,762.17,753.8,79878142,2015987898850,220384509130080,20210511
KRX 300 헬스케어,3720.88,-72.15,-1.9,3791.11,3791.11,3696.52,32210054,1643426111190,187719681281160,20210511
KRX 300 커뮤니케이션서비스,2539.33,-35.85,-1.39,2568.75,2568.84,2518.13,16717778,1718848474166,212835537298150,20210511
KRX 300 소재,2010.02,-14.32,-0.71,2020.31,2031.36,1984.24,58395447,2235409413989,207183665439570,20210511
KRX 300 필수소비재,1864.28,13.72,0.74,1852.13,1870.1,1833.11,16062300,826062068634,104010364375200,20210511
KRX 300,1903.99,-32.38,-1.67,1936.18,1936.82,1891.55,352799341,17136393156387,2043316163563660,20210512
KTOP 30,11446.47,-235.77,-2.02,11683.7,11684.37,11369.1,75853502,8062294798973,1193810024108900,20210512
KRX 100,6610.58,-117.15,-1.74,6726.97,6732.09,6569.1,154371128,12397662984743,1700287058203700,20210512
KRX Mid 200,1834.42,-19.58,-1.06,1854.12,1856.58,1817.14,393238657,3229463249660,99516232430035,20210512
KRX 자동차,2354.15,21.74,0.93,2334.08,2380.79,2309.13,21498214,1175949471940,137789526995420,20210512
KRX 반도체,3703.73,-37.47,-1.0,3740.69,3762.16,3659.75,22765740,1422946463277,121536585254230,20210512
KRX 헬스케어,4390.67,-39.91,-0.9,4429.5,4468.87,4364.98,90355373,2363857278890,212701831261360,20210512
KRX 은행,786.85,-19.85,-2.46,805.64,805.64,775.71,15749883,338427005980,80396874250410,20210512
KRX 에너지화학,3988.88,-123.06,-2.99,4111.68,4123.75,3955.73,13952392,1709668554860,173578939873450,20210512
KRX 철강,2390.6,-20.37,-0.84,2409.74,2449.33,2325.52,63676606,1263159231040,62383310399400,20210512
KRX 방송통신,929.95,-14.85,-1.57,944.82,946.28,921.53,27802977,362466779087,42759376387210,20210512
KRX 건설,743.22,-20.89,-2.73,763.96,764.29,734.88,28786181,690812187040,47658435827340,20210512
KRX 증권,886.82,-28.84,-3.15,915.56,915.65,869.55,55809181,443641195440,31898624005495,20210512
KRX 기계장비,607.47,-16.44,-2.63,624.82,624.89,601.53,148982485,1006824997125,69131452570865,20210512
KRX 보험,1329.97,-20.42,-1.51,1352.28,1355.77,1314.47,23505467,244266148175,42284588455195,20210512
KRX 운송,1458.22,17.75,1.23,1440.42,1475.13,1417.64,48529313,1375193978960,50609802346210,20210512
KRX 경기소비재,1460.07,-18.25,-1.23,1476.54,1478.89,1441.83,28766276,1089500900410,92249740373135,20210512
KRX 필수소비재,1856.8,-25.91,-1.38,1881.99,1884.8,1839.66,20172891,824388125390,112075027528010,20210512
KRX 미디어&엔터테인먼트,3347.93,-49.2,-1.45,3395.73,3405.55,3323.47,11163124,1210098133125,170646075266480,20210512
KRX 정보기술,1708.07,-33.36,-1.92,1742.03,1743.06,1698.79,107645794,5422532524992,696856312344980,20210512
KRX 유틸리티,954.24,-20.65,-2.12,973.77,974.48,943.7,4596854,116835806150,19920668168500,20210512
KRX 300 정보기술,2765.5,-55.22,-1.96,2821.8,2823.55,2750.16,94786170,5271553583887,693144112178600,20210512
KRX 300 금융,907.84,-23.23,-2.49,930.08,930.08,894.9,47562479,830865259445,155088673266220,20210512
KRX 300 자유소비재,1778.26,-0.14,-0.01,1777.89,1802.8,1750.78,26400501,1949927613160,217852220438490,20210512
KRX 300 산업재,745.34,-15.31,-2.01,761.4,761.51,738.12,76689260,2114645324410,216137805366810,20210512
KRX 300 헬스케어,3688.6,-32.28,-0.87,3717.96,3753.88,3666.18,33607584,2230326916715,187943992257560,20210512
KRX 300 커뮤니케이션서비스,2505.35,-33.98,-1.34,2538.8,2547.57,2487.14,19707400,1530561722200,209432130619700,20210512
KRX 300 소재,1952.64,-57.38,-2.85,2009.63,2014.24,1930.89,32965072,2106067558920,200634371379630,20210512
KRX 300 필수소비재,1842.83,-21.45,-1.15,1863.65,1867.15,1825.29,13997382,675297010350,102825625625250,20210512
KRX 300,1878.46,-25.53,-1.34,1893.72,1899.65,1869.37,402046342,16819555547844,2014899605250130,20210513
KTOP 30,11250.03,-196.44,-1.72,11383.49,11383.49,11214.63,73107145,7754546007494,1172617711846900,20210513
KRX 100,6523.28,-87.3,-1.32,6577.1,6591.83,6493.27,149564934,12065380090544,1675933274477250,20210513
KRX Mid 200,1803.39,-31.03,-1.69,1826.59,1828.93,1795.24,196350280,2924643555061,97785524845555,20210513
KRX 자동차,2330.5,-23.65,-1.0,2354.15,2364.08,2308.39,13734984,964744645140,136996608346310,20210513
KRX 반도체,3605.73,-98.0,-2.65,3688.8,3688.8,3588.57,27482674,1335798725410,119067614761600,20210513
KRX 헬스케어,4360.46,-30.21,-0.69,4381.95,4434.1,4334.01,34960171,2094441148565,212216953318015,20210513
KRX 은행,798.13,11.28,1.43,786.85,808.53,779.08,22350572,446795833740,81602975677410,20210513
KRX 에너지화학,3899.86,-89.02,-2.23,3974.11,3978.58,3879.06,14261524,1685430471510,170004525035390,20210513
KRX 철강,2252.51,-138.09,-5.78,2372.31,2376.36,2237.44,49628211,1130178755550,59642404921860,20210513
KRX 방송통신,935.27,5.32,0.57,929.96,939.41,916.28,24262915,300871468571,40393869281732,20210513
KRX 건설,735.23,-7.99,-1.08,742.65,747.95,721.91,25061705,609710187055,47184221678615,20210513
KRX 증권,867.87,-18.95,-2.14,886.32,886.32,860.33,34223816,311779039186,31211039755350,20210513
KRX 기계장비,592.13,-15.34,-2.53,604.97,605.39,588.75,46077219,723165782815,67318540501440,20210513
KRX 보험,1380.69,50.72,3.81,1329.97,1409.84,1316.53,121678660,778975122205,43724120381275,20210513
KRX 운송,1422.15,-36.07,-2.47,1451.81,1494.0,1409.11,99126173,2015811219090,49344418397550,20210513
KRX 경기소비재,1462.75,2.68,0.18,1457.27,1483.99,1435.99,22756252,1143646151095,92177237076400,20210513
KRX 필수소비재,1858.29,1.49,0.08,1853.85,1871.94,1829.15,33272563,1385665192150,112138000770530,20210513
KRX 미디어&엔터테인먼트,3303.53,-44.4,-1.33,3347.1,3347.1,3275.96,12078471,1282392865315,167783855590280,20210513
KRX 정보기술,1661.6,-46.47,-2.72,1699.53,1699.81,1653.8,77050291,4831069779529,682134270808800,20210513
KRX 유틸리티,944.39,-9.85,-1.03,954.24,954.77,938.32,3406323,87029850350,19800344908750,20210513
KRX 300 정보기술,2691.07,-74.43,-2.69,2752.85,2752.85,2678.17,67998574,4703910383654,678561313954170,20210513
KRX 300 금융,917.87,10.03,1.1,907.84,930.66,897.39,135575689,1388727930415,156970053784920,20210513
KRX 300 자유소비재,1773.88,-4.38,-0.25,1776.85,1795.96,1746.79,25733276,1956627369390,217138487645780,20210513
KRX 300 산업재,734.8,-10.54,-1.41,742.21,747.04,728.94,75077464,1991127484450,213012408020440,20210513
KRX 300 헬스케어,3668.19,-20.41,-0.55,3682.19,3731.62,3643.38,27727013,1969181638485,187708849404300,20210513
KRX 300 커뮤니케이션서비스,2478.88,-26.47,-1.06,2505.05,2505.05,2457.83,20078803,1531050830400,204224248609950,20210513
KRX 300 소재,1894.69,-57.95,-2.97,1943.01,1943.1,1881.86,27867271,1962742320450,195302534869420,20210513
KRX 300 필수소비재,1840.98,-1.85,-0.1,1839.76,1857.04,1816.09,15301271,756502054450,102742085822300,20210513
KRX 300,1899.13,20.67,1.1,1884.85,1905.26,1884.85,229722051,11413338490975,2038805937109210,20210514
KTOP 30,11379.04,129.01,1.15,11273.32,11432.26,11273.32,39898421,4554734788100,1187776061307000,20210514
KRX 100,6593.29,70.01,1.07,6544.44,6617.43,6544.44,86842632,7849397430320,1697814430468950,20210514
KRX Mid 200,1828.78,25.39,1.41,1809.27,1831.69,1809.27,242846722,2312801676330,99113155541580,20210514
KRX 자동차,2341.16,10.66,0.46,2338.06,2375.54,2330.45,12192928,826072192310,137270600118340,20210514
KRX 반도체,3722.75,117.02,3.25,3627.65,3724.26,3627.65,21306633,956889961930,121175164156260,20210514
KRX 헬스케어,4465.55,105.09,2.41,4360.92,4466.23,4360.92,54282625,2435684585190,219446841341820,20210514
KRX 은행,790.16,-7.97,-1.0,800.17,801.39,784.9,10520773,233432317280,80712490831320,20210514
KRX 에너지화학,3962.28,62.42,1.6,3904.48,3975.19,3904.48,8195265,1035182740740,172236571766400,20210514
KRX 철강,2196.41,-56.1,-2.49,2262.59,2283.06,2175.7,23162152,687196012615,58610807685760,20210514
KRX 방송통신,950.03,14.76,1.58,936.34,953.96,933.42,16641641,250770929853,40697883257803,20210514
KRX 건설,738.18,2.95,0.4,739.14,745.18,731.23,16185418,311294464100,47443200861855,20210514
KRX 증권,877.74,9.87,1.14,869.43,881.63,863.27,17416832,162411763680,31560446384730,20210514
KRX 기계장비,591.77,-0.36,-0.06,596.53,600.78,586.56,97233851,624769845360,67276270842360,20210514
KRX 보험,1358.26,-22.43,-1.62,1385.74,1393.84,1354.37,35839818,261288072865,42974785432175,20210514
KRX 운송,1401.41,-20.74,-1.46,1421.87,1458.94,1396.38,47096489,1218726153335,48635842205990,20210514
KRX 경기소비재,1473.05,10.3,0.7,1470.0,1480.24,1459.83,18264674,734515572105,92866545712745,20210514
KRX 필수소비재,1854.79,-3.5,-0.19,1857.95,1869.44,1854.28,22973986,947295062030,111839085557330,20210514
KRX 미디어&엔터테인먼트,3307.07,3.54,0.11,3299.77,3328.76,3295.96,11143432,870184433810,168355023244460,20210514
KRX 정보기술,1701.13,39.53,2.38,1669.7,1709.83,1669.7,54753402,2847768671065,696320032222010,20210514
KRX 유틸리티,934.05,-10.34,-1.09,944.39,950.31,933.11,3047881,73805864400,19867156306000,20210514
KRX 300 정보기술,2753.16,62.09,2.31,2704.13,2767.72,2704.13,39684894,2662452332290,692509385507220,20210514
KRX 300 금융,910.28,-7.59,-0.83,919.88,922.21,904.35,43179858,588873979890,155819031415330,20210514
KRX 300 자유소비재,1780.39,6.51,0.37,1781.28,1802.46,1773.44,20415601,1437292960710,217961509032950,20210514
KRX 300 산업재,739.47,4.67,0.64,737.46,743.55,732.46,47380228,1265980757850,214404227947400,20210514
KRX 300 헬스케어,3761.68,93.49,2.55,3667.64,3762.31,3666.85,31537366,2339178013310,194565442325190,20210514
KRX 300 커뮤니케이션서비스,2482.02,3.14,0.13,2476.2,2498.6,2472.47,13700902,1013464860600,204929664090650,20210514
KRX 300 소재,1896.72,2.03,0.11,1898.38,1912.19,1877.15,19422561,1278440567625,195677875977070,20210514
KRX 300 필수소비재,1836.63,-4.35,-0.24,1840.54,1850.08,1833.22,9560851,447397823650,102455166617400,20210514
KRX 300,1891.72,-7.41,-0.39,1906.35,1912.03,1882.03,258826078,11333749894174,2027913472817160,20210517
KTOP 30,11363.88,-15.16,-0.13,11421.29,11485.92,11297.86,39239275,4293759633984,1183974948260860,20210517
KRX 100,6567.39,-25.9,-0.39,6617.15,6639.25,6532.1,88794062,7281652266789,1688241603708610,20210517
KRX Mid 200,1815.52,-13.26,-0.73,1830.46,1841.63,1807.52,158601523,2173640712071,98405187196850,20210517
KRX 자동차,2320.96,-20.2,-0.86,2344.0,2363.96,2314.32,12668126,598232229210,136254641409830,20210517
KRX 반도체,3683.17,-39.58,-1.06,3731.52,3780.75,3653.04,19399501,892870420668,120055463660110,20210517
KRX 헬스케어,4432.38,-33.17,-0.74,4466.5,4503.69,4412.86,33965736,1840159669245,215114649849695,20210517
KRX 은행,792.49,2.33,0.29,790.16,795.08,781.73,10211044,231809125740,81016186651600,20210517
KRX 에너지화학,3952.51,-9.77,-0.25,3967.81,4008.55,3940.76,8922395,1059230203600,172125387045720,20210517
KRX 철강,2163.32,-33.09,-1.51,2212.87,2228.84,2139.37,13025906,530328689165,57216380543720,20210517
KRX 방송통신,951.06,1.03,0.11,955.14,967.16,944.92,12682339,239725121719,40073027115993,20210517
KRX 건설,729.93,-8.25,-1.12,739.96,743.38,726.54,15915241,331298021790,46879146390920,20210517
KRX 증권,853.86,-23.88,-2.72,879.96,879.96,847.85,37628658,258926459921,30645157661590,20210517
KRX 기계장비,596.04,4.27,0.72,594.08,598.88,591.87,40433167,465358374100,67649826111480,20210517
KRX 보험,1319.35,-38.91,-2.86,1351.47,1356.27,1314.95,25680092,245232180585,42192002276430,20210517
KRX 운송,1412.86,11.45,0.82,1416.95,1440.68,1395.14,53761907,1426456097045,49174082584140,20210517
KRX 경기소비재,1483.77,10.72,0.73,1475.39,1490.11,1473.97,47228465,1400226809005,93320135774045,20210517
KRX 필수소비재,1860.74,5.95,0.32,1854.87,1870.62,1854.05,14700141,585597312620,112107969328880,20210517
KRX 미디어&엔터테인먼트,3333.85,26.78,0.81,3307.88,3340.65,3305.43,11617697,832272002175,169554709269160,20210517
KRX 정보기술,1689.83,-11.3,-0.66,1709.92,1721.85,1678.27,48209061,2808393796439,691840375650390,20210517
KRX 유틸리티,916.62,-17.43,-1.87,934.05,942.46,915.69,3515635,88508611100,19580985831400,20210517
KRX 300 정보기술,2735.05,-18.11,-0.66,2767.0,2786.45,2716.56,38588523,2673746886154,688014630682710,20210517
KRX 300 금융,904.72,-5.56,-0.61,910.23,910.48,896.52,52654282,675243546715,154494200771530,20210517
KRX 300 자유소비재,1777.73,-2.66,-0.15,1782.52,1799.42,1768.0,20116834,1265746088535,217493171442190,20210517
KRX 300 산업재,741.43,1.96,0.27,741.58,746.67,737.61,50592232,1408121569170,214984679721230,20210517
KRX 300 헬스케어,3735.16,-26.52,-0.71,3763.06,3794.83,3720.86,51062789,2288369391485,190276777306040,20210517
KRX 300 커뮤니케이션서비스,2486.99,4.97,0.2,2482.55,2502.78,2467.89,15591370,998526661800,205549787628500,20210517
KRX 300 소재,1867.66,-29.06,-1.53,1899.06,1915.39,1856.69,16024763,1175433581565,193445626459910,20210517
KRX 300 필수소비재,1847.3,10.67,0.58,1836.33,1856.79,1836.15,8688325,425539789900,102874468814450,20210517
KRX 300,1913.67,21.95,1.16,1892.13,1917.43,1892.13,248484463,11503457331908,2053066878361790,20210518
KTOP 30,11504.88,141.0,1.24,11364.61,11521.34,11364.61,38341934,4182171041589,1196342014262500,20210518
KRX 100,6649.57,82.18,1.25,6567.74,6662.74,6567.74,90870801,7494515782533,1708525387484900,20210518
KRX Mid 200,1819.89,4.37,0.24,1816.3,1822.3,1807.11,193680878,2688512728148,99015942739940,20210518
KRX 자동차,2368.8,47.84,2.06,2325.56,2376.25,2325.51,12457612,724882462185,138695420142450,20210518
KRX 반도체,3740.24,57.07,1.55,3687.0,3747.26,3671.86,16437111,791587180030,123031366050580,20210518
KRX 헬스케어,4501.97,69.59,1.57,4419.79,4509.35,4417.45,43397166,2579687591785,219062658640360,20210518
KRX 은행,803.48,10.99,1.39,792.43,808.37,792.32,10800991,251705756690,82101174594780,20210518
KRX 에너지화학,4013.55,61.04,1.54,3957.95,4023.51,3957.95,7620852,922300731640,175213177983280,20210518
KRX 철강,2272.93,109.61,5.07,2169.12,2281.47,2169.12,20098713,645285685760,60086218894170,20210518
KRX 방송통신,953.76,2.7,0.28,951.06,965.79,951.06,18200669,245727882159,40357316985708,20210518
KRX 건설,748.53,18.6,2.55,730.62,749.25,730.62,25418351,433591292905,47998939855335,20210518
KRX 증권,873.77,19.91,2.33,857.3,879.65,857.3,21737772,194365953748,31384308345830,20210518
KRX 기계장비,603.82,7.78,1.31,596.89,604.2,594.04,54143422,486472730745,68550432755910,20210518
KRX 보험,1328.88,9.53,0.72,1320.21,1337.58,1318.62,15760158,155899618270,42450029725025,20210518
KRX 운송,1410.41,-2.45,-0.17,1406.93,1419.07,1395.01,29060806,778766439655,49014100619920,20210518
KRX 경기소비재,1499.72,15.95,1.07,1483.84,1502.0,1483.73,30717426,877407616509,94329647319645,20210518
KRX 필수소비재,1863.94,3.2,0.17,1865.56,1880.4,1859.94,28128147,847736538674,112311159387210,20210518
KRX 미디어&엔터테인먼트,3399.86,66.01,1.98,3335.45,3407.17,3335.45,11105729,858844353645,172898062630500,20210518
KRX 정보기술,1711.0,21.17,1.25,1691.36,1715.12,1686.62,50094983,2686469206830,695768770665060,20210518
KRX 유틸리티,947.17,30.55,3.33,916.62,970.17,916.62,3157581,98594434850,19904875489950,20210518
KRX 300 정보기술,2769.36,34.31,1.25,2737.48,2776.39,2729.61,37054796,2547577257890,691858247134770,20210518
KRX 300 금융,916.73,12.01,1.33,905.38,920.27,905.2,36386023,580033276285,156550526705080,20210518
KRX 300 자유소비재,1804.77,27.04,1.52,1779.51,1810.36,1779.51,25592981,1305528423784,220912255886550,20210518
KRX 300 산업재,749.46,8.03,1.08,742.05,750.42,742.05,47845692,1209279341400,217248148659890,20210518
KRX 300 헬스케어,3794.62,59.46,1.59,3722.13,3804.13,3717.1,39662746,2596959907620,193888058421510,20210518
KRX 300 커뮤니케이션서비스,2529.81,42.82,1.72,2487.61,2534.58,2487.61,16881486,1082318468100,209210777884750,20210518
KRX 300 소재,1919.16,51.5,2.76,1868.83,1921.89,1868.83,17067387,1120144734770,198509694941640,20210518
KRX 300 필수소비재,1850.4,3.1,0.17,1852.08,1869.01,1846.01,23270079,700644429659,103054821540350,20210518
KRX 300,1906.26,-7.41,-0.39,1914.61,1914.61,1894.97,224240546,10906767355146,2047273506168110,20210520
KTOP 30,11484.21,-20.67,-0.18,11540.55,11540.55,11414.42,41534293,4725968008562,1193622367867100,20210520
KRX 100,6623.14,-26.43,-0.4,6655.6,6655.6,6587.13,90064614,7554549391436,1703918687756850,20210520
KRX Mid 200,1815.48,-4.41,-0.24,1818.51,1823.36,1802.39,132833994,1839922409058,98719882913775,20210520
KRX 자동차,2320.39,-48.41,-2.04,2367.82,2367.82,2306.19,12803805,878146915660,135853898234480,20210520
KRX 반도체,3800.72,60.48,1.62,3738.89,3809.36,3716.9,20962239,1024141420620,124733625548020,20210520
KRX 헬스케어,4457.97,-44.0,-0.98,4497.69,4499.99,4430.53,27210903,1379211174035,219485670603340,20210520
KRX 은행,791.86,-11.62,-1.45,803.44,806.38,787.92,12566551,300293674280,80966693359720,20210520
KRX 에너지화학,4035.68,22.13,0.55,4038.12,4043.45,3972.15,8560134,1115986104130,176750349933680,20210520
KRX 철강,2173.98,-98.95,-4.35,2259.56,2259.77,2148.37,19927060,670590681910,57296000328210,20210520
KRX 방송통신,954.87,1.11,0.12,954.33,954.9,944.55,11352620,175980498634,40252572842812,20210520
KRX 건설,751.91,3.38,0.45,745.09,758.18,742.24,21764694,440044912345,48395477471950,20210520
KRX 증권,856.13,-17.64,-2.02,867.41,867.41,848.21,23869755,199677683313,30761539286755,20210520
KRX 기계장비,596.86,-6.96,-1.15,602.63,602.76,589.6,39842751,660558326930,67986083476720,20210520
KRX 보험,1316.28,-12.6,-0.95,1327.24,1328.68,1308.74,11110226,139400142885,41938432233135,20210520
KRX 운송,1440.38,29.97,2.12,1412.56,1441.66,1390.82,30450956,908590717045,50126247899210,20210520
KRX 경기소비재,1496.18,-3.54,-0.24,1498.34,1503.24,1483.96,23267746,760685747070,94099627662430,20210520
KRX 필수소비재,1846.74,-17.2,-0.92,1862.84,1862.84,1839.87,17500188,670195184165,111245893916370,20210520
KRX 미디어&엔터테인먼트,3417.58,17.72,0.52,3394.89,3430.16,3370.96,9022015,906530645786,173740870522320,20210520
KRX 정보기술,1721.3,10.3,0.6,1710.93,1728.51,1698.76,63114585,3153070177230,697086067076630,20210520
KRX 유틸리티,932.14,-15.03,-1.59,946.07,953.86,925.85,2945611,77518062700,19683632884800,20210520
KRX 300 정보기술,2785.33,15.97,0.58,2769.39,2796.3,2748.01,41260793,2848013959050,693045395932740,20210520
KRX 300 금융,903.14,-13.59,-1.48,915.05,917.83,898.35,32872340,611022306490,154250515871980,20210520
KRX 300 자유소비재,1779.87,-24.9,-1.38,1803.54,1803.54,1771.08,23294473,1403920486240,217809129617630,20210520
KRX 300 산업재,745.52,-3.94,-0.53,747.82,747.82,737.93,50347746,1292855878640,216359614131200,20210520
KRX 300 헬스케어,3758.18,-36.44,-0.96,3791.43,3793.99,3735.31,27775251,1410094502770,194490226210200,20210520
KRX 300 커뮤니케이션서비스,2537.2,7.39,0.29,2528.43,2546.88,2506.36,13833642,1094939548981,209952523314750,20210520
KRX 300 소재,1900.83,-18.33,-0.96,1929.02,1929.02,1882.22,18259576,1337331834430,198279570421860,20210520
KRX 300 필수소비재,1830.34,-20.06,-1.08,1849.2,1849.32,1825.78,11352012,490639025795,102052996236950,20210520
KRX 300,1907.38,1.12,0.06,1912.44,1932.91,1902.03,247944350,12200080796814,2042477090377600,20210521
KTOP 30,11529.45,45.24,0.39,11527.74,11650.41,11478.17,48141006,5366727238130,1198420180542800,20210521
KRX 100,6631.41,8.27,0.12,6644.06,6720.26,6610.18,104552961,8491940572964,1704237197138150,20210521
KRX Mid 200,1796.42,-19.06,-1.05,1818.51,1829.0,1796.41,131083234,1505623921455,97682496138370,20210521
KRX 자동차,2346.37,25.98,1.12,2320.44,2386.47,2320.44,15328200,1116278702115,137637919829105,20210521
KRX 반도체,3801.24,0.52,0.01,3808.06,3852.07,3786.99,18267624,942120124510,124715128014980,20210521
KRX 헬스케어,4419.0,-38.97,-0.87,4464.06,4507.4,4418.63,44993462,1914039039790,216561362166825,20210521
KRX 은행,770.6,-21.26,-2.68,792.49,792.49,767.7,14737899,326380610980,78873544197600,20210521
KRX 에너지화학,4017.51,-18.17,-0.45,4051.79,4078.62,3986.27,9765487,1194702764010,175585188446910,20210521
KRX 철강,2141.87,-32.11,-1.48,2172.41,2175.01,2104.55,13155000,508147264980,56471820752690,20210521
KRX 방송통신,947.38,-7.49,-0.78,954.74,967.08,944.08,38423645,257439036208,40123536401643,20210521
KRX 건설,742.37,-9.54,-1.27,752.91,758.28,735.86,22672177,553637132230,47824085641645,20210521
KRX 증권,853.28,-2.85,-0.33,858.07,872.97,853.28,17228433,146609903700,30635866672035,20210521
KRX 기계장비,591.32,-5.54,-0.93,598.14,602.97,585.95,85716503,725574815265,67445783984565,20210521
KRX 보험,1296.49,-19.79,-1.5,1316.47,1322.8,1293.57,11769172,138632301185,41399226166370,20210521
KRX 운송,1427.63,-12.75,-0.89,1444.95,1455.29,1425.06,26340735,750102381910,49669875936100,20210521
KRX 경기소비재,1475.45,-20.73,-1.39,1496.24,1504.82,1472.71,30799467,997339433680,90433854537485,20210521
KRX 필수소비재,1823.78,-22.96,-1.24,1846.94,1852.52,1818.7,13145868,522267813964,109786392515120,20210521
KRX 미디어&엔터테인먼트,3471.25,53.67,1.57,3417.67,3496.15,3417.67,9897043,1066303485170,177167585762500,20210521
KRX 정보기술,1731.42,10.12,0.59,1731.36,1754.31,1723.6,63167957,3324694727960,701536787981420,20210521
KRX 유틸리티,925.2,-6.94,-0.74,933.26,934.43,919.12,3020599,76682917350,19650019491950,20210521
KRX 300 정보기술,2802.83,17.5,0.63,2801.18,2839.42,2790.07,46650027,3153065263160,697593188350160,20210521
KRX 300 금융,886.36,-16.78,-1.86,903.92,906.04,883.83,32156360,588655498580,151596302092070,20210521
KRX 300 자유소비재,1783.65,3.78,0.21,1779.97,1812.06,1779.97,29714720,1790212285070,215947359823320,20210521
KRX 300 산업재,738.0,-7.52,-1.01,746.66,750.75,734.9,48702301,1293479286170,214176615172470,20210521
KRX 300 헬스케어,3726.5,-31.68,-0.84,3762.74,3803.14,3725.58,37420815,1891726220050,191777586600490,20210521
KRX 300 커뮤니케이션서비스,2575.7,38.5,1.52,2537.27,2596.6,2537.27,14874558,1296183780750,213224083876750,20210521
KRX 300 소재,1885.25,-15.58,-0.82,1906.95,1914.45,1868.78,23812357,1270991990520,196557988891340,20210521
KRX 300 필수소비재,1808.47,-21.87,-1.19,1830.4,1837.01,1803.15,9142213,420200477314,100760441174250,20210521
KRX 300,1897.69,-9.69,-0.51,1906.6,1910.68,1893.57,210439901,9568918143070,2035955475360540,20210524
KTOP 30,11474.88,-54.57,-0.47,11512.19,11541.4,11428.85,31689787,3602546630443,1191566916248300,20210524
KRX 100,6600.57,-30.84,-0.47,6626.17,6642.59,6584.13,83084498,6218911159513,1696674584084200,20210524
KRX Mid 200,1771.87,-24.55,-1.37,1795.84,1798.08,1767.68,108599440,1402324152645,96277116017333,20210524
KRX 자동차,2342.22,-4.15,-0.18,2346.44,2367.33,2331.07,7086503,497193297885,137498955372325,20210524
KRX 반도체,3694.26,-106.98,-2.81,3800.88,3800.88,3692.78,15483637,746975934230,121478983006510,20210524
KRX 헬스케어,4311.71,-107.29,-2.43,4415.28,4437.13,4311.71,26675861,1692025899871,212074717233695,20210524
KRX 은행,781.63,11.03,1.43,770.57,785.77,767.67,10341266,231039415140,79964534655740,20210524
KRX 에너지화학,3955.55,-61.96,-1.54,4020.47,4021.16,3953.57,6745801,810063616240,173521005018160,20210524
KRX 철강,2121.72,-20.15,-0.94,2139.29,2160.22,2101.63,18727070,479693333560,55931735638390,20210524
KRX 방송통신,962.91,15.53,1.64,947.43,964.6,942.96,14383147,228348363531,41059644812108,20210524
KRX 건설,743.46,1.09,0.15,743.68,747.72,735.54,16923347,341411739640,47821171123345,20210524
KRX 증권,859.2,5.92,0.69,851.42,864.99,849.1,19430617,139124013155,30838837109003,20210524
KRX 기계장비,594.91,3.59,0.61,594.57,602.7,592.5,53730135,668342722426,67729162659715,20210524
KRX 보험,1311.9,15.41,1.19,1296.49,1317.89,1291.16,10857807,111461154130,41843969265825,20210524
KRX 운송,1437.45,9.82,0.69,1428.16,1446.13,1421.16,23573300,734156116155,50070172845260,20210524
KRX 경기소비재,1471.5,-3.95,-0.27,1473.36,1480.03,1458.53,22076847,740179854465,90129229681805,20210524
KRX 필수소비재,1832.23,8.45,0.46,1822.56,1835.9,1816.51,10784178,477711643995,110275160811600,20210524
KRX 미디어&엔터테인먼트,3465.44,-5.81,-0.17,3465.35,3475.93,3436.82,8301036,796698096785,176291634727110,20210524
KRX 정보기술,1705.1,-26.32,-1.52,1731.54,1731.54,1701.09,41775936,2225001756508,694937138189310,20210524
KRX 유틸리티,927.18,1.98,0.21,922.89,929.68,916.21,12022828,301384144050,20418030591100,20210524
KRX 300 정보기술,2760.85,-41.98,-1.5,2803.01,2803.01,2754.06,33892591,2124701855263,691180519932270,20210524
KRX 300 금융,896.58,10.22,1.15,885.84,900.88,883.21,29851330,463844493930,153273048517530,20210524
KRX 300 자유소비재,1783.92,0.27,0.02,1782.56,1796.78,1771.85,19117408,1133347779330,219181650476260,20210524
KRX 300 산업재,740.43,2.43,0.33,740.23,746.67,737.43,57715642,1399574802331,214589661216410,20210524
KRX 300 헬스케어,3629.6,-96.9,-2.6,3722.96,3742.47,3629.47,25333488,1680188248116,187594602210330,20210524
KRX 300 커뮤니케이션서비스,2582.42,6.72,0.26,2570.56,2587.05,2556.89,13361454,1010321454700,213318892394200,20210524
KRX 300 소재,1863.49,-21.76,-1.15,1882.99,1885.86,1860.94,12117660,861927188250,194744994909040,20210524
KRX 300 필수소비재,1817.3,8.83,0.49,1807.34,1819.26,1800.17,5535285,305913186300,101216966651200,20210524
KRX 300,1915.26,17.57,0.93,1903.17,1916.85,1900.82,208362193,9591985036024,2054548999380540,20210525
KTOP 30,11556.7,81.82,0.71,11492.26,11571.03,11474.09,32732211,3679702375950,1200966251831100,20210525
KRX 100,6660.62,60.05,0.91,6619.72,6664.96,6608.16,78096474,6001044612804,1710655998376450,20210525
KRX Mid 200,1791.72,19.85,1.12,1775.8,1794.45,1775.8,97930232,1535487585175,97401911967575,20210525
KRX 자동차,2334.63,-7.59,-0.32,2348.14,2355.25,2314.4,8667327,583120075760,137015346989160,20210525
KRX 반도체,3737.97,43.71,1.18,3718.68,3761.72,3718.68,12488621,665216262150,124252376771550,20210525
KRX 헬스케어,4392.27,80.56,1.87,4315.65,4397.4,4308.32,23821786,1346543636765,215233835931120,20210525
KRX 은행,790.57,8.94,1.14,781.82,790.57,779.57,9820369,229929650390,81126274703730,20210525
KRX 에너지화학,3988.74,33.19,0.84,3960.86,4005.21,3960.86,7116681,705289338420,174653046319980,20210525
KRX 철강,2132.54,10.82,0.51,2122.42,2146.25,2111.73,10033726,333583946361,56278453012150,20210525
KRX 방송통신,975.7,12.79,1.33,961.76,976.72,961.12,19115063,222756582169,41099519513531,20210525
KRX 건설,740.6,-2.86,-0.38,744.26,749.59,737.57,17846157,345500145945,47690199220095,20210525
KRX 증권,865.75,6.55,0.76,859.65,868.83,859.65,15000416,109207034015,31061519229265,20210525
KRX 기계장비,600.71,5.8,0.97,597.13,600.71,592.63,64706291,513153320335,68524442811180,20210525
KRX 보험,1317.38,5.48,0.42,1312.06,1320.78,1303.95,8153181,123053271020,41948693970015,20210525
KRX 운송,1485.19,47.74,3.32,1450.85,1486.24,1450.25,38648279,1094471923290,51840183606940,20210525
KRX 경기소비재,1507.61,36.11,2.45,1472.82,1507.61,1472.82,24346365,892345110354,92317397294590,20210525
KRX 필수소비재,1856.96,24.73,1.35,1832.25,1860.88,1828.77,10191319,506593750020,111902116835590,20210525
KRX 미디어&엔터테인먼트,3501.74,36.3,1.05,3474.36,3503.59,3457.57,8807341,812638918830,177934594286540,20210525
KRX 정보기술,1727.63,22.53,1.32,1715.27,1728.88,1708.35,40065893,2180738149565,700107133026090,20210525
KRX 유틸리티,925.26,-1.92,-0.21,928.02,929.58,921.45,6567572,167801928650,20408436951100,20210525
KRX 300 정보기술,2798.4,37.55,1.36,2777.63,2799.9,2765.66,34472769,2110165512870,696342480294440,20210525
KRX 300 금융,906.53,9.95,1.11,896.82,906.53,894.72,24292051,456694485890,154779719550730,20210525
KRX 300 자유소비재,1795.56,11.64,0.65,1787.15,1798.27,1776.2,23488445,1347731836874,220540699280300,20210525
KRX 300 산업재,750.79,10.36,1.4,742.15,751.08,741.73,66278375,1882052926400,217833402884400,20210525
KRX 300 헬스케어,3699.71,70.11,1.93,3631.72,3703.39,3621.66,20786180,1253977709305,190357328002110,20210525
KRX 300 커뮤니케이션서비스,2603.03,20.61,0.8,2586.55,2603.03,2574.29,12258229,999016082300,214832662433650,20210525
KRX 300 소재,1877.08,13.59,0.73,1864.17,1883.09,1864.17,11713868,761984823135,195848419397310,20210525
KRX 300 필수소비재,1842.69,25.39,1.4,1817.19,1846.29,1812.16,7137408,413051968050,102699067848700,20210525
KRX 300,1911.68,-3.58,-0.19,1915.76,1922.77,1907.37,257307289,10837464472787,2051152192863740,20210526
KTOP 30,11491.99,-64.71,-0.56,11560.97,11589.81,11472.78,31619265,4268970210462,1195253363052540,20210526
KRX 100,6640.69,-19.93,-0.3,6662.49,6683.15,6626.01,87552923,6964660994452,1705760971310940,20210526
KRX Mid 200,1799.69,7.97,0.44,1792.72,1804.78,1792.72,109223038,1604067712781,97864656960980,20210526
KRX 자동차,2319.06,-15.57,-0.67,2338.51,2357.37,2310.28,7911213,581116364790,135728817108850,20210526
KRX 반도체,3734.71,-3.26,-0.09,3740.09,3760.23,3720.82,12398627,647729134822,124194096129740,20210526
KRX 헬스케어,4371.88,-20.39,-0.46,4393.87,4402.17,4368.22,20773759,995058185100,213812132216690,20210526
KRX 은행,785.86,-4.71,-0.6,789.99,789.99,780.6,7864588,197361193340,80551068261060,20210526
KRX 에너지화학,3954.69,-34.05,-0.85,3988.33,4001.05,3942.92,7717274,1420421596440,171000514299990,20210526
KRX 철강,2057.02,-75.52,-3.54,2130.01,2130.01,2041.31,15269171,561631745700,54664054089000,20210526
KRX 방송통신,984.43,8.73,0.89,975.7,990.82,973.99,16889604,227408367113,41582324611386,20210526
KRX 건설,743.19,2.59,0.35,740.91,744.68,736.44,19913973,477747718920,48019014511500,20210526
KRX 증권,868.12,2.37,0.27,864.87,871.98,862.05,18411192,140640406496,31131625600415,20210526
KRX 기계장비,608.84,8.13,1.35,600.77,612.22,600.77,150270847,1095764978105,69592847065405,20210526
KRX 보험,1321.14,3.76,0.29,1315.38,1323.74,1314.06,7378784,93556308155,42094645386835,20210526
KRX 운송,1490.72,5.53,0.37,1487.49,1505.21,1479.75,29038737,794032589685,51977678472310,20210526
KRX 경기소비재,1519.23,11.62,0.77,1508.93,1530.19,1508.46,55476893,1400233613475,93006898373760,20210526
KRX 필수소비재,1883.86,26.9,1.45,1857.52,1888.69,1857.48,14373501,663663710855,113539811952630,20210526
KRX 미디어&엔터테인먼트,3519.87,18.13,0.52,3506.35,3536.71,3502.97,9702189,890295715935,179401181858930,20210526
KRX 정보기술,1722.89,-4.74,-0.27,1727.84,1734.43,1716.0,40031417,1981403751422,698927970730980,20210526
KRX 유틸리티,948.89,23.63,2.55,925.26,949.99,924.89,14467583,380939634750,21365302610250,20210526
KRX 300 정보기술,2790.42,-7.98,-0.29,2798.69,2809.21,2779.32,28921518,1876751213222,695168431534380,20210526
KRX 300 금융,902.82,-3.71,-0.41,905.87,906.27,898.41,21541301,410881088975,154334314779360,20210526
KRX 300 자유소비재,1791.49,-4.07,-0.23,1798.08,1809.68,1784.62,49872917,1766380288750,219911452267630,20210526
KRX 300 산업재,753.5,2.71,0.36,750.97,756.15,749.59,76885700,1784003517330,218722428499820,20210526
KRX 300 헬스케어,3683.89,-15.82,-0.43,3700.95,3713.71,3678.97,22318351,1069519190910,189134197505540,20210526
KRX 300 커뮤니케이션서비스,2624.24,21.21,0.81,2606.17,2635.4,2601.7,15065738,1130124641250,216801052663950,20210526
KRX 300 소재,1839.14,-37.94,-2.02,1877.14,1877.39,1829.72,16377817,1565453720500,190444477676010,20210526
KRX 300 필수소비재,1869.81,27.12,1.47,1843.19,1874.54,1843.02,10211187,547048703500,104214027041800,20210526
KRX 300,1910.09,-1.59,-0.08,1913.55,1915.55,1894.84,327607567,17156385452981,2043966667110420,20210527
KTOP 30,11450.08,-41.91,-0.36,11486.14,11497.12,11339.63,65398765,7845326920724,1193021507292880,20210527
KRX 100,6631.32,-9.37,-0.14,6646.38,6653.3,6574.3,146420657,12129156337634,1697216654394830,20210527
KRX Mid 200,1824.38,24.69,1.37,1801.5,1824.7,1794.92,96263435,1367037901107,99171225737420,20210527
KRX 자동차,2301.63,-17.43,-0.75,2319.36,2323.36,2288.23,10858031,963504059490,134473553672290,20210527
KRX 반도체,3783.94,49.23,1.32,3744.15,3788.24,3698.39,17008744,922827624946,126437430094560,20210527
KRX 헬스케어,4409.7,37.82,0.87,4373.46,4417.37,4314.73,27118307,1758996104715,214686314178570,20210527
KRX 은행,773.18,-12.68,-1.61,785.8,789.24,773.18,21073271,572718749348,79150011659250,20210527
KRX 에너지화학,3928.53,-26.16,-0.66,3947.96,3967.45,3894.4,13556183,2233362772130,168618870934730,20210527
KRX 철강,2086.04,29.02,1.41,2061.53,2112.18,2060.15,10986593,523437169895,55806583069820,20210527
KRX 방송통신,985.69,1.26,0.13,983.8,987.56,973.44,13002754,259864598098,41706383370522,20210527
KRX 건설,759.93,16.74,2.25,744.96,759.93,744.96,32556297,796384512415,48911762708175,20210527
KRX 증권,866.01,-2.11,-0.24,868.5,869.04,858.61,19004639,170428256892,31039901189310,20210527
KRX 기계장비,608.25,-0.59,-0.1,608.33,612.19,603.72,95849139,1134839149220,69671600324520,20210527
KRX 보험,1311.71,-9.43,-0.71,1321.35,1338.66,1310.4,19286593,390563098000,41701098309095,20210527
KRX 운송,1507.99,17.27,1.16,1488.53,1507.99,1479.6,50892318,2056928861505,52657449388460,20210527
KRX 경기소비재,1512.14,-7.09,-0.47,1521.21,1526.45,1504.24,31756675,1114030735070,92731715413625,20210527
KRX 필수소비재,1873.05,-10.81,-0.57,1884.08,1905.42,1873.05,17774397,1004314737740,112788775602240,20210527
KRX 미디어&엔터테인먼트,3553.36,33.49,0.95,3521.16,3567.93,3479.65,17428309,2016717673252,180782904137920,20210527
KRX 정보기술,1732.05,9.16,0.53,1727.73,1736.84,1704.28,50025879,3306883824066,700064121819690,20210527
KRX 유틸리티,955.66,6.77,0.71,948.89,964.56,948.89,12098172,340497431950,21288836692950,20210527
KRX 300 정보기술,2805.77,15.35,0.55,2798.53,2813.72,2760.15,44179081,3225022154176,696336543173370,20210527
KRX 300 금융,891.13,-11.69,-1.29,902.84,908.63,891.13,52160493,1220437838768,152497003897910,20210527
KRX 300 자유소비재,1777.21,-14.28,-0.8,1792.48,1795.04,1769.61,33329942,1981759507660,218327384214800,20210527
KRX 300 산업재,754.17,0.67,0.09,753.85,759.31,751.7,104024401,2882133289470,214229317388570,20210527
KRX 300 헬스케어,3705.47,21.58,0.59,3684.73,3716.15,3629.26,21337105,1580902694370,189298033907900,20210527
KRX 300 커뮤니케이션서비스,2648.86,24.62,0.94,2624.74,2658.48,2595.08,23164278,2274342659582,218278005017350,20210527
KRX 300 소재,1842.67,3.53,0.19,1836.12,1850.27,1815.05,19846101,2111233328381,189362620956020,20210527
KRX 300 필수소비재,1858.47,-11.34,-0.61,1869.97,1891.42,1858.47,14061804,893509560700,103425365731650,20210527
KRX 300,1922.87,12.78,0.67,1913.77,1929.84,1912.48,234219802,10813228145679,2058019926179550,20210528
KTOP 30,11520.68,70.6,0.62,11468.98,11565.12,11453.43,36926313,4494407097432,1201753558550280,20210528
KRX 100,6677.14,45.82,0.69,6645.58,6703.92,6640.33,95180666,7361313101222,1709903556394480,20210528
KRX Mid 200,1832.41,8.03,0.44,1824.86,1833.57,1822.39,144584416,1621297577230,99572362721840,20210528
KRX 자동차,2392.53,90.9,3.95,2311.5,2398.94,2310.42,23888494,1550790040205,140062313771810,20210528
KRX 반도체,3775.97,-7.97,-0.21,3791.08,3800.24,3760.13,10552345,515516541329,126003736687840,20210528
KRX 헬스케어,4411.83,2.13,0.05,4409.21,4448.43,4389.73,22724166,1191829964535,215271121314230,20210528
KRX 은행,789.71,16.53,2.14,774.81,794.25,774.81,10273711,263120403570,80968757597600,20210528
KRX 에너지화학,3957.18,28.65,0.73,3943.45,3980.32,3943.45,10365062,1218520699590,170246504298860,20210528
KRX 철강,2118.22,32.18,1.54,2100.03,2141.79,2099.4,9390089,462223740590,56074287857840,20210528
KRX 방송통신,986.27,0.58,0.06,984.18,991.77,984.18,11303595,190068701909,41622922074734,20210528
KRX 건설,761.23,1.3,0.17,763.24,764.33,757.7,26305602,518142743940,48987492659610,20210528
KRX 증권,868.3,2.29,0.26,865.32,873.12,861.67,17934471,138055891325,31124631104360,20210528
KRX 기계장비,616.05,7.8,1.28,609.25,617.82,606.85,144900290,1108451943185,70579753251065,20210528
KRX 보험,1320.56,8.85,0.67,1314.46,1328.55,1312.78,7999414,104859080550,41910931210320,20210528
KRX 운송,1501.28,-6.71,-0.44,1507.52,1512.54,1491.04,22849781,724686210650,52297952279320,20210528
KRX 경기소비재,1518.5,6.36,0.42,1515.92,1526.45,1510.58,18327004,655125090120,93104075008475,20210528
KRX 필수소비재,1866.71,-6.34,-0.34,1872.84,1883.29,1864.22,10039975,469025323825,112457501243480,20210528
KRX 미디어&엔터테인먼트,3532.34,-21.02,-0.59,3553.53,3559.38,3515.4,10558598,986371307443,179760784995820,20210528
KRX 정보기술,1740.0,7.95,0.46,1735.85,1747.85,1729.87,36930050,1981845601176,703589883138550,20210528
KRX 유틸리티,961.46,5.8,0.61,955.66,971.26,955.66,7888758,210751156900,20981782566350,20210528
KRX 300 정보기술,2818.66,12.89,0.46,2811.49,2831.53,2802.3,30174301,1887098634156,699857353610650,20210528
KRX 300 금융,904.98,13.85,1.55,892.28,909.31,892.28,23181360,474851154555,154648162018200,20210528
KRX 300 자유소비재,1824.07,46.86,2.64,1783.99,1829.56,1783.49,28105708,2090173736810,224230604981860,20210528
KRX 300 산업재,757.56,3.39,0.45,756.05,760.78,753.7,87353362,1869480567590,216089030386420,20210528
KRX 300 헬스케어,3710.79,5.32,0.14,3705.49,3743.21,3687.93,17770562,1090671400940,190043186622310,20210528
KRX 300 커뮤니케이션서비스,2631.67,-17.19,-0.65,2648.93,2654.18,2622.96,13526755,1158262020858,217125433027750,20210528
KRX 300 소재,1857.09,14.42,0.78,1851.4,1869.18,1850.28,17584745,1401207993170,191128885551610,20210528
KRX 300 필수소비재,1852.09,-6.38,-0.34,1858.16,1868.5,1849.47,7321077,393182591200,103173680444100,20210528
KRX 300,1932.64,9.77,0.51,1924.63,1933.75,1916.75,278319769,11293303810625,2068979877957040,20210531
KTOP 30,11535.3,14.62,0.13,11529.7,11554.59,11456.3,36154826,4294206117420,1206258516200500,20210531
KRX 100,6709.98,32.84,0.49,6683.74,6714.35,6653.07,102243805,7123221633970,1718046686762500,20210531
KRX Mid 200,1836.01,3.6,0.2,1833.85,1838.88,1826.63,117386977,1545418517288,99899035876965,20210531
KRX 자동차,2418.24,25.71,1.07,2396.4,2419.24,2380.4,12821365,847629632945,141539740681160,20210531
KRX 반도체,3780.31,4.34,0.11,3777.81,3788.39,3747.81,11873980,571751990290,127371300849850,20210531
KRX 헬스케어,4430.96,19.13,0.43,4417.25,4459.67,4414.58,22543846,1022210121125,216741334484100,20210531
KRX 은행,800.59,10.88,1.38,793.61,803.31,788.48,9540869,266927838080,82153258995190,20210531
KRX 에너지화학,3902.04,-55.14,-1.39,3960.9,3963.0,3876.78,8858137,1029521593310,167835680350110,20210531
KRX 철강,2110.63,-7.59,-0.36,2119.41,2131.68,2068.12,8199318,357120625895,55698447213110,20210531
KRX 방송통신,1000.95,14.68,1.49,987.22,1000.95,987.01,15477331,169107602633,41896085575611,20210531
KRX 건설,760.66,-0.57,-0.07,761.52,761.91,749.84,27003360,517395592215,48848500164230,20210531
KRX 증권,868.73,0.43,0.05,869.95,872.43,858.83,15267323,137955375063,31130156381860,20210531
KRX 기계장비,628.06,12.01,1.95,616.7,629.46,615.19,327062481,1871611869225,72088245201705,20210531
KRX 보험,1321.94,1.38,0.1,1319.95,1329.31,1316.21,8932911,107775381050,42042603381320,20210531
KRX 운송,1482.65,-18.63,-1.24,1506.13,1512.62,1474.46,23050105,769359551465,51649874866970,20210531
KRX 경기소비재,1543.52,25.02,1.65,1522.96,1547.34,1522.96,32824862,1022576458580,94651213000310,20210531
KRX 필수소비재,1890.57,23.86,1.28,1867.55,1894.73,1867.55,13636779,624253057640,114046413697180,20210531
KRX 미디어&엔터테인먼트,3590.0,57.66,1.63,3534.16,3595.86,3532.58,11508550,966331662615,182323276634850,20210531
KRX 정보기술,1737.26,-2.74,-0.16,1742.49,1746.13,1718.87,43171620,2514156030670,706254676237280,20210531
KRX 유틸리티,959.51,-1.95,-0.2,961.46,966.14,956.06,4377608,116578479950,21170729794100,20210531
KRX 300 정보기술,2815.82,-2.84,-0.1,2823.07,2829.68,2785.99,36863893,2409502304410,702519990486740,20210531
KRX 300 금융,915.18,10.2,1.13,908.31,917.96,904.63,25203125,506012079880,156085373117730,20210531
KRX 300 자유소비재,1847.54,23.47,1.29,1827.95,1848.27,1823.08,33176452,1704545706620,227147175053790,20210531
KRX 300 산업재,758.94,1.38,0.18,757.9,759.27,752.69,114880849,2391757097910,216618592999250,20210531
KRX 300 헬스케어,3729.38,18.59,0.5,3715.73,3756.2,3715.73,20687784,1002605656140,191466250851930,20210531
KRX 300 커뮤니케이션서비스,2665.75,34.08,1.29,2633.74,2669.49,2631.88,15804547,1135361763500,219897826995200,20210531
KRX 300 소재,1840.28,-16.81,-0.91,1860.91,1861.64,1825.68,16550609,1193117663365,189654856272300,20210531
KRX 300 필수소비재,1876.96,24.87,1.34,1852.65,1881.55,1852.65,9008081,506029762300,104664838398500,20210531
